Date,  relative oceanic nino (RONI) index  missing value -99 https://psl.noaa.gov/data/timeseries/month/
1949-01-01,-9999.000
1949-02-01,-9999.000
1949-03-01,-9999.000
1949-04-01,-9999.000
1949-05-01,-9999.000
1949-06-01,-9999.000
1949-07-01,-9999.000
1949-08-01,-9999.000
1949-09-01,-9999.000
1949-10-01,-9999.000
1949-11-01,-9999.000
1949-12-01,   -1.030
1950-01-01,   -1.340
1950-02-01,   -1.190
1950-03-01,   -0.700
1950-04-01,   -0.990
1950-05-01,   -1.320
1950-06-01,   -0.660
1950-07-01,   -0.270
1950-08-01,   -0.230
1950-09-01,   -0.480
1950-10-01,   -0.160
1950-11-01,   -0.510
1950-12-01,   -0.420
1951-01-01,   -0.580
1951-02-01,    0.170
1951-03-01,    0.670
1951-04-01,    0.600
1951-05-01,    0.610
1951-06-01,    0.550
1951-07-01,    0.900
1951-08-01,    0.930
1951-09-01,    1.070
1951-10-01,    1.140
1951-11-01,    0.740
1951-12-01,    0.930
1952-01-01,    0.470
1952-02-01,    0.540
1952-03-01,   -0.010
1952-04-01,    0.850
1952-05-01,   -0.130
1952-06-01,   -0.800
1952-07-01,   -0.420
1952-08-01,   -0.010
1952-09-01,    0.010
1952-10-01,    0.250
1952-11-01,   -0.150
1952-12-01,   -0.400
1953-01-01,    0.860
1953-02-01,    0.750
1953-03-01,    0.400
1953-04-01,    0.880
1953-05-01,    0.880
1953-06-01,    1.050
1953-07-01,    0.590
1953-08-01,    0.410
1953-09-01,    1.190
1953-10-01,    0.360
1953-11-01,    0.950
1953-12-01,    0.410
1954-01-01,    0.630
1954-02-01,    0.870
1954-03-01,    0.390
1954-04-01,   -0.320
1954-05-01,   -0.130
1954-06-01,   -0.270
1954-07-01,   -0.240
1954-08-01,   -0.850
1954-09-01,   -0.780
1954-10-01,    0.010
1954-11-01,   -0.150
1954-12-01,   -0.150
1955-01-01,   -0.250
1955-02-01,    0.050
1955-03-01,   -0.210
1955-04-01,   -0.230
1955-05-01,   -0.680
1955-06-01,   -0.160
1955-07-01,   -0.720
1955-08-01,   -0.330
1955-09-01,   -1.040
1955-10-01,   -1.330
1955-11-01,   -1.560
1955-12-01,   -1.310
1956-01-01,   -1.050
1956-02-01,   -0.080
1956-03-01,   -0.080
1956-04-01,   -0.200
1956-05-01,    0.010
1956-06-01,    0.100
1956-07-01,   -0.150
1956-08-01,   -0.390
1956-09-01,    0.010
1956-10-01,    0.010
1956-11-01,   -0.430
1956-12-01,   -0.010
1957-01-01,   -0.070
1957-02-01,    0.070
1957-03-01,    0.660
1957-04-01,    0.870
1957-05-01,    0.980
1957-06-01,    0.780
1957-07-01,    0.940
1957-08-01,    1.360
1957-09-01,    0.850
1957-10-01,    1.210
1957-11-01,    1.430
1957-12-01,    1.710
1958-01-01,    2.100
1958-02-01,    1.840
1958-03-01,    1.430
1958-04-01,    0.640
1958-05-01,    0.770
1958-06-01,    0.570
1958-07-01,    0.350
1958-08-01,    0.430
1958-09-01,    0.010
1958-10-01,    0.240
1958-11-01,    0.480
1958-12-01,    0.380
1959-01-01,    1.050
1959-02-01,    0.870
1959-03-01,    0.570
1959-04-01,    0.460
1959-05-01,    0.400
1959-06-01,    0.110
1959-07-01,   -0.250
1959-08-01,   -0.190
1959-09-01,   -0.240
1959-10-01,    0.230
1959-11-01,    0.130
1959-12-01,    0.360
1960-01-01,    0.170
1960-02-01,    0.070
1960-03-01,    0.330
1960-04-01,    0.240
1960-05-01,    0.170
1960-06-01,    0.060
1960-07-01,   -0.050
1960-08-01,    0.350
1960-09-01,    0.290
1960-10-01,    0.130
1960-11-01,   -0.200
1960-12-01,   -0.160
1961-01-01,    0.090
1961-02-01,    0.150
1961-03-01,    0.000
1961-04-01,   -0.060
1961-05-01,    0.250
1961-06-01,    0.530
1961-07-01,    0.130
1961-08-01,   -0.050
1961-09-01,   -0.290
1961-10-01,   -0.350
1961-11-01,    0.150
1961-12-01,    0.030
1962-01-01,   -0.110
1962-02-01,    0.070
1962-03-01,    0.020
1962-04-01,   -0.110
1962-05-01,   -0.390
1962-06-01,    0.000
1962-07-01,   -0.020
1962-08-01,    0.070
1962-09-01,   -0.350
1962-10-01,   -0.170
1962-11-01,   -0.400
1962-12-01,   -0.320
1963-01-01,   -0.380
1963-02-01,   -0.180
1963-03-01,    0.190
1963-04-01,    0.110
1963-05-01,   -0.120
1963-06-01,    0.050
1963-07-01,    1.170
1963-08-01,    0.970
1963-09-01,    1.110
1963-10-01,    1.130
1963-11-01,    0.940
1963-12-01,    1.270
1964-01-01,    0.980
1964-02-01,    0.730
1964-03-01,    0.100
1964-04-01,   -0.520
1964-05-01,   -0.700
1964-06-01,   -0.760
1964-07-01,   -0.530
1964-08-01,   -0.470
1964-09-01,   -0.640
1964-10-01,   -0.480
1964-11-01,   -0.790
1964-12-01,   -0.480
1965-01-01,   -0.160
1965-02-01,    0.150
1965-03-01,    0.310
1965-04-01,    0.200
1965-05-01,    0.590
1965-06-01,    1.130
1965-07-01,    1.300
1965-08-01,    1.570
1965-09-01,    1.590
1965-10-01,    2.110
1965-11-01,    1.870
1965-12-01,    1.980
1966-01-01,    1.570
1966-02-01,    1.040
1966-03-01,    1.260
1966-04-01,    0.820
1966-05-01,   -0.290
1966-06-01,    0.410
1966-07-01,    0.530
1966-08-01,    0.020
1966-09-01,    0.010
1966-10-01,   -0.020
1966-11-01,   -0.080
1966-12-01,   -0.260
1967-01-01,   -0.330
1967-02-01,   -0.190
1967-03-01,   -0.190
1967-04-01,   -0.670
1967-05-01,   -0.070
1967-06-01,    0.460
1967-07-01,    0.240
1967-08-01,    0.040
1967-09-01,   -0.310
1967-10-01,   -0.070
1967-11-01,    0.140
1967-12-01,   -0.020
1968-01-01,   -0.200
1968-02-01,   -0.470
1968-03-01,   -0.410
1968-04-01,   -0.090
1968-05-01,   -0.270
1968-06-01,    0.580
1968-07-01,    0.650
1968-08-01,    0.470
1968-09-01,    0.270
1968-10-01,    0.440
1968-11-01,    0.980
1968-12-01,    0.810
1969-01-01,    1.260
1969-02-01,    1.140
1969-03-01,    0.600
1969-04-01,    0.250
1969-05-01,    0.470
1969-06-01,    0.370
1969-07-01,    0.070
1969-08-01,    0.410
1969-09-01,    0.560
1969-10-01,    0.750
1969-11-01,    0.720
1969-12-01,    0.970
1970-01-01,    0.360
1970-02-01,    0.070
1970-03-01,    0.220
1970-04-01,    0.430
1970-05-01,    0.080
1970-06-01,   -0.140
1970-07-01,   -0.640
1970-08-01,   -0.640
1970-09-01,   -0.650
1970-10-01,   -0.370
1970-11-01,   -0.690
1970-12-01,   -0.580
1971-01-01,   -1.290
1971-02-01,   -0.980
1971-03-01,   -0.740
1971-04-01,   -0.620
1971-05-01,   -0.360
1971-06-01,   -0.480
1971-07-01,   -0.270
1971-08-01,   -0.150
1971-09-01,   -0.320
1971-10-01,   -0.430
1971-11-01,   -0.450
1971-12-01,   -0.370
1972-01-01,   -0.330
1972-02-01,    0.070
1972-03-01,    0.360
1972-04-01,    0.540
1972-05-01,    0.640
1972-06-01,    0.810
1972-07-01,    1.160
1972-08-01,    1.470
1972-09-01,    1.580
1972-10-01,    1.870
1972-11-01,    2.010
1972-12-01,    2.020
1973-01-01,    1.600
1973-02-01,    1.450
1973-03-01,    0.710
1973-04-01,   -0.430
1973-05-01,   -0.780
1973-06-01,   -0.970
1973-07-01,   -1.190
1973-08-01,   -1.130
1973-09-01,   -1.260
1973-10-01,   -1.510
1973-11-01,   -2.140
1973-12-01,   -1.940
1974-01-01,   -1.650
1974-02-01,   -1.200
1974-03-01,   -0.980
1974-04-01,   -0.750
1974-05-01,   -0.800
1974-06-01,   -0.160
1974-07-01,   -0.530
1974-08-01,   -0.120
1974-09-01,    0.020
1974-10-01,   -0.600
1974-11-01,   -0.760
1974-12-01,   -0.410
1975-01-01,    0.120
1975-02-01,   -0.090
1975-03-01,   -0.420
1975-04-01,   -0.360
1975-05-01,   -0.480
1975-06-01,   -0.990
1975-07-01,   -0.730
1975-08-01,   -0.900
1975-09-01,   -1.000
1975-10-01,   -1.050
1975-11-01,   -0.790
1975-12-01,   -1.210
1976-01-01,   -1.340
1976-02-01,   -0.460
1976-03-01,   -0.150
1976-04-01,   -0.160
1976-05-01,   -0.110
1976-06-01,    0.310
1976-07-01,    0.610
1976-08-01,    0.630
1976-09-01,    0.930
1976-10-01,    1.120
1976-11-01,    1.080
1976-12-01,    0.950
1977-01-01,    1.210
1977-02-01,    0.710
1977-03-01,    0.750
1977-04-01,   -0.080
1977-05-01,    0.300
1977-06-01,    0.550
1977-07-01,    0.700
1977-08-01,    0.190
1977-09-01,    0.550
1977-10-01,    1.110
1977-11-01,    1.000
1977-12-01,    1.200
1978-01-01,    0.970
1978-02-01,    0.710
1978-03-01,    0.450
1978-04-01,   -0.390
1978-05-01,   -0.260
1978-06-01,   -0.330
1978-07-01,   -0.150
1978-08-01,   -0.490
1978-09-01,   -0.180
1978-10-01,   -0.150
1978-11-01,    0.080
1978-12-01,    0.520
1979-01-01,    0.200
1979-02-01,    0.320
1979-03-01,    0.390
1979-04-01,    0.200
1979-05-01,    0.090
1979-06-01,    0.100
1979-07-01,   -0.100
1979-08-01,    0.140
1979-09-01,    0.750
1979-10-01,    0.350
1979-11-01,    0.460
1979-12-01,    0.750
1980-01-01,    0.700
1980-02-01,    0.500
1980-03-01,    0.150
1980-04-01,    0.110
1980-05-01,    0.160
1980-06-01,    0.560
1980-07-01,    0.130
1980-08-01,   -0.270
1980-09-01,   -0.160
1980-10-01,   -0.110
1980-11-01,    0.090
1980-12-01,    0.450
1981-01-01,   -0.270
1981-02-01,   -0.260
1981-03-01,    0.000
1981-04-01,   -0.580
1981-05-01,   -0.150
1981-06-01,   -0.170
1981-07-01,   -0.460
1981-08-01,   -0.050
1981-09-01,    0.040
1981-10-01,   -0.070
1981-11-01,   -0.490
1981-12-01,   -0.070
1982-01-01,    0.320
1982-02-01,    0.070
1982-03-01,    0.290
1982-04-01,    0.340
1982-05-01,    0.760
1982-06-01,    1.120
1982-07-01,    0.630
1982-08-01,    0.930
1982-09-01,    1.850
1982-10-01,    2.140
1982-11-01,    2.100
1982-12-01,    2.480
1983-01-01,    2.500
1983-02-01,    2.210
1983-03-01,    1.740
1983-04-01,    1.060
1983-05-01,    1.090
1983-06-01,    0.460
1983-07-01,   -0.150
1983-08-01,   -0.210
1983-09-01,   -0.320
1983-10-01,   -1.250
1983-11-01,   -1.140
1983-12-01,   -0.930
1984-01-01,   -0.810
1984-02-01,   -0.140
1984-03-01,   -0.600
1984-04-01,   -0.630
1984-05-01,   -0.550
1984-06-01,   -0.690
1984-07-01,   -0.280
1984-08-01,    0.010
1984-09-01,   -0.240
1984-10-01,   -0.590
1984-11-01,   -0.990
1984-12-01,   -1.070
1985-01-01,   -0.730
1985-02-01,   -0.710
1985-03-01,   -0.600
1985-04-01,   -0.940
1985-05-01,   -0.740
1985-06-01,   -0.630
1985-07-01,   -0.270
1985-08-01,   -0.090
1985-09-01,   -0.230
1985-10-01,   -0.160
1985-11-01,   -0.140
1985-12-01,   -0.110
1986-01-01,   -0.380
1986-02-01,   -0.290
1986-03-01,   -0.140
1986-04-01,   -0.130
1986-05-01,   -0.150
1986-06-01,   -0.040
1986-07-01,    0.170
1986-08-01,    0.650
1986-09-01,    0.880
1986-10-01,    0.830
1986-11-01,    1.270
1986-12-01,    1.540
1987-01-01,    1.440
1987-02-01,    1.400
1987-03-01,    1.210
1987-04-01,    0.830
1987-05-01,    0.760
1987-06-01,    0.950
1987-07-01,    1.120
1987-08-01,    1.270
1987-09-01,    1.520
1987-10-01,    1.220
1987-11-01,    0.870
1987-12-01,    0.860
1988-01-01,    0.660
1988-02-01,   -0.180
1988-03-01,   -0.140
1988-04-01,   -0.890
1988-05-01,   -1.690
1988-06-01,   -1.900
1988-07-01,   -1.630
1988-08-01,   -1.380
1988-09-01,   -1.060
1988-10-01,   -1.890
1988-11-01,   -2.170
1988-12-01,   -1.790
1989-01-01,   -1.870
1989-02-01,   -1.270
1989-03-01,   -0.960
1989-04-01,   -1.090
1989-05-01,   -0.620
1989-06-01,   -0.230
1989-07-01,   -0.430
1989-08-01,   -0.560
1989-09-01,   -0.170
1989-10-01,   -0.200
1989-11-01,   -0.320
1989-12-01,    0.290
1990-01-01,    0.200
1990-02-01,    0.470
1990-03-01,    0.230
1990-04-01,    0.270
1990-05-01,    0.280
1990-06-01,    0.020
1990-07-01,    0.310
1990-08-01,    0.310
1990-09-01,    0.370
1990-10-01,    0.310
1990-11-01,    0.130
1990-12-01,    0.450
1991-01-01,    0.720
1991-02-01,    0.530
1991-03-01,    0.340
1991-04-01,    0.400
1991-05-01,    0.510
1991-06-01,    0.760
1991-07-01,    0.810
1991-08-01,    1.010
1991-09-01,    0.680
1991-10-01,    1.330
1991-11-01,    1.600
1991-12-01,    2.050
1992-01-01,    2.260
1992-02-01,    2.050
1992-03-01,    1.930
1992-04-01,    1.840
1992-05-01,    1.510
1992-06-01,    0.850
1992-07-01,    0.450
1992-08-01,    0.250
1992-09-01,    0.210
1992-10-01,   -0.090
1992-11-01,    0.170
1992-12-01,    0.280
1993-01-01,    0.600
1993-02-01,    0.780
1993-03-01,    0.740
1993-04-01,    1.070
1993-05-01,    1.380
1993-06-01,    0.550
1993-07-01,    0.380
1993-08-01,    0.430
1993-09-01,    0.580
1993-10-01,    0.440
1993-11-01,    0.360
1993-12-01,    0.510
1994-01-01,    0.380
1994-02-01,    0.100
1994-03-01,    0.230
1994-04-01,    0.360
1994-05-01,    0.360
1994-06-01,    0.470
1994-07-01,    0.410
1994-08-01,    0.720
1994-09-01,    0.660
1994-10-01,    0.980
1994-11-01,    1.250
1994-12-01,    1.470
1995-01-01,    1.130
1995-02-01,    0.920
1995-03-01,    0.530
1995-04-01,    0.190
1995-05-01,   -0.120
1995-06-01,   -0.270
1995-07-01,   -0.300
1995-08-01,   -0.660
1995-09-01,   -0.740
1995-10-01,   -0.880
1995-11-01,   -1.170
1995-12-01,   -1.000
1996-01-01,   -0.800
1996-02-01,   -0.810
1996-03-01,   -0.640
1996-04-01,   -0.290
1996-05-01,   -0.190
1996-06-01,   -0.270
1996-07-01,   -0.260
1996-08-01,   -0.060
1996-09-01,   -0.290
1996-10-01,   -0.250
1996-11-01,   -0.210
1996-12-01,   -0.440
1997-01-01,   -0.210
1997-02-01,    0.030
1997-03-01,    0.070
1997-04-01,    0.410
1997-05-01,    0.930
1997-06-01,    1.140
1997-07-01,    1.520
1997-08-01,    1.850
1997-09-01,    2.150
1997-10-01,    2.200
1997-11-01,    2.290
1997-12-01,    2.250
1998-01-01,    2.290
1998-02-01,    1.860
1998-03-01,    1.320
1998-04-01,    0.480
1998-05-01,    0.650
1998-06-01,   -0.930
1998-07-01,   -1.110
1998-08-01,   -1.110
1998-09-01,   -1.190
1998-10-01,   -1.420
1998-11-01,   -1.370
1998-12-01,   -1.740
1999-01-01,   -1.720
1999-02-01,   -1.220
1999-03-01,   -0.910
1999-04-01,   -0.830
1999-05-01,   -0.890
1999-06-01,   -0.710
1999-07-01,   -0.870
1999-08-01,   -0.920
1999-09-01,   -0.790
1999-10-01,   -0.910
1999-11-01,   -1.480
1999-12-01,   -1.610
2000-01-01,   -1.590
2000-02-01,   -1.310
2000-03-01,   -1.030
2000-04-01,   -0.840
2000-05-01,   -0.770
2000-06-01,   -0.430
2000-07-01,   -0.410
2000-08-01,   -0.220
2000-09-01,   -0.240
2000-10-01,   -0.610
2000-11-01,   -0.790
2000-12-01,   -0.970
2001-01-01,   -0.700
2001-02-01,   -0.700
2001-03-01,   -0.450
2001-04-01,   -0.520
2001-05-01,   -0.270
2001-06-01,   -0.050
2001-07-01,    0.080
2001-08-01,    0.010
2001-09-01,   -0.150
2001-10-01,    0.000
2001-11-01,   -0.380
2001-12-01,   -0.440
2002-01-01,   -0.130
2002-02-01,    0.090
2002-03-01,    0.060
2002-04-01,   -0.070
2002-05-01,    0.160
2002-06-01,    0.570
2002-07-01,    0.600
2002-08-01,    0.750
2002-09-01,    1.060
2002-10-01,    1.090
2002-11-01,    1.400
2002-12-01,    1.480
2003-01-01,    0.500
2003-02-01,    0.570
2003-03-01,    0.340
2003-04-01,   -0.220
2003-05-01,   -0.700
2003-06-01,   -0.090
2003-07-01,    0.070
2003-08-01,    0.120
2003-09-01,    0.070
2003-10-01,    0.310
2003-11-01,    0.130
2003-12-01,    0.310
2004-01-01,    0.230
2004-02-01,    0.140
2004-03-01,   -0.020
2004-04-01,    0.090
2004-05-01,    0.190
2004-06-01,    0.270
2004-07-01,    0.620
2004-08-01,    0.740
2004-09-01,    0.730
2004-10-01,    0.660
2004-11-01,    0.700
2004-12-01,    0.750
2005-01-01,    0.610
2005-02-01,    0.260
2005-03-01,    0.330
2005-04-01,    0.190
2005-05-01,    0.240
2005-06-01,    0.170
2005-07-01,   -0.250
2005-08-01,   -0.090
2005-09-01,    0.000
2005-10-01,   -0.030
2005-11-01,   -0.500
2005-12-01,   -0.980
2006-01-01,   -0.940
2006-02-01,   -0.780
2006-03-01,   -0.910
2006-04-01,   -0.380
2006-05-01,   -0.180
2006-06-01,   -0.020
2006-07-01,    0.050
2006-08-01,    0.400
2006-09-01,    0.610
2006-10-01,    0.690
2006-11-01,    0.880
2006-12-01,    1.150
2007-01-01,    0.650
2007-02-01,    0.000
2007-03-01,   -0.160
2007-04-01,   -0.300
2007-05-01,   -0.530
2007-06-01,   -0.250
2007-07-01,   -0.540
2007-08-01,   -0.720
2007-09-01,   -1.110
2007-10-01,   -1.280
2007-11-01,   -1.600
2007-12-01,   -1.570
2008-01-01,   -1.770
2008-02-01,   -1.850
2008-03-01,   -1.240
2008-04-01,   -1.090
2008-05-01,   -0.800
2008-06-01,   -0.510
2008-07-01,   -0.060
2008-08-01,   -0.140
2008-09-01,   -0.320
2008-10-01,   -0.330
2008-11-01,   -0.500
2008-12-01,   -0.980
2009-01-01,   -1.100
2009-02-01,   -0.790
2009-03-01,   -0.860
2009-04-01,   -0.440
2009-05-01,    0.010
2009-06-01,    0.290
2009-07-01,    0.430
2009-08-01,    0.350
2009-09-01,    0.480
2009-10-01,    0.750
2009-11-01,    1.350
2009-12-01,    1.760
2010-01-01,    1.380
2010-02-01,    1.170
2010-03-01,    0.780
2010-04-01,    0.130
2010-05-01,   -0.620
2010-06-01,   -1.000
2010-07-01,   -1.290
2010-08-01,   -1.340
2010-09-01,   -1.530
2010-10-01,   -1.740
2010-11-01,   -1.570
2010-12-01,   -1.570
2011-01-01,   -1.520
2011-02-01,   -1.170
2011-03-01,   -0.940
2011-04-01,   -0.790
2011-05-01,   -0.540
2011-06-01,   -0.240
2011-07-01,   -0.100
2011-08-01,   -0.540
2011-09-01,   -0.590
2011-10-01,   -0.980
2011-11-01,   -1.160
2011-12-01,   -0.930
2012-01-01,   -0.790
2012-02-01,   -0.580
2012-03-01,   -0.430
2012-04-01,   -0.480
2012-05-01,   -0.360
2012-06-01,    0.070
2012-07-01,    0.330
2012-08-01,    0.590
2012-09-01,    0.370
2012-10-01,    0.130
2012-11-01,    0.130
2012-12-01,   -0.350
2013-01-01,   -0.600
2013-02-01,   -0.700
2013-03-01,   -0.400
2013-04-01,   -0.370
2013-05-01,   -0.560
2013-06-01,   -0.500
2013-07-01,   -0.370
2013-08-01,   -0.560
2013-09-01,   -0.210
2013-10-01,   -0.360
2013-11-01,   -0.090
2013-12-01,   -0.250
2014-01-01,   -0.480
2014-02-01,   -0.560
2014-03-01,   -0.110
2014-04-01,    0.220
2014-05-01,    0.230
2014-06-01,    0.010
2014-07-01,   -0.240
2014-08-01,   -0.190
2014-09-01,    0.140
2014-10-01,    0.220
2014-11-01,    0.680
2014-12-01,    0.710
2015-01-01,    0.480
2015-02-01,    0.440
2015-03-01,    0.500
2015-04-01,    0.830
2015-05-01,    0.830
2015-06-01,    1.010
2015-07-01,    1.220
2015-08-01,    1.580
2015-09-01,    1.830
2015-10-01,    1.990
2015-11-01,    2.270
2015-12-01,    2.270
2016-01-01,    2.210
2016-02-01,    1.920
2016-03-01,    1.290
2016-04-01,    0.680
2016-05-01,   -0.010
2016-06-01,   -0.440
2016-07-01,   -0.860
2016-08-01,   -0.810
2016-09-01,   -0.750
2016-10-01,   -1.060
2016-11-01,   -1.070
2016-12-01,   -0.740
2017-01-01,   -0.860
2017-02-01,   -0.210
2017-03-01,   -0.260
2017-04-01,   -0.080
2017-05-01,    0.030
2017-06-01,   -0.020
2017-07-01,   -0.130
2017-08-01,   -0.530
2017-09-01,   -0.710
2017-10-01,   -0.610
2017-11-01,   -1.130
2017-12-01,   -1.170
2018-01-01,   -1.130
2018-02-01,   -0.940
2018-03-01,   -1.050
2018-04-01,   -0.720
2018-05-01,   -0.290
2018-06-01,    0.030
2018-07-01,    0.190
2018-08-01,    0.030
2018-09-01,    0.270
2018-10-01,    0.740
2018-11-01,    0.870
2018-12-01,    0.850
2019-01-01,    0.620
2019-02-01,    0.560
2019-03-01,    0.730
2019-04-01,    0.430
2019-05-01,    0.430
2019-06-01,    0.250
2019-07-01,    0.050
2019-08-01,   -0.190
2019-09-01,   -0.230
2019-10-01,    0.380
2019-11-01,    0.300
2019-12-01,    0.180
2020-01-01,    0.180
2020-02-01,    0.060
2020-03-01,    0.050
2020-04-01,   -0.040
2020-05-01,   -0.770
2020-06-01,   -0.840
2020-07-01,   -0.540
2020-08-01,   -0.890
2020-09-01,   -1.120
2020-10-01,   -1.490
2020-11-01,   -1.500
2020-12-01,   -1.410
2021-01-01,   -1.270
2021-02-01,   -1.290
2021-03-01,   -0.980
2021-04-01,   -0.980
2021-05-01,   -0.710
2021-06-01,   -0.360
2021-07-01,   -0.640
2021-08-01,   -0.810
2021-09-01,   -0.830
2021-10-01,   -1.200
2021-11-01,   -1.220
2021-12-01,   -1.290
2022-01-01,   -1.160
2022-02-01,   -1.080
2022-03-01,   -1.160
2022-04-01,   -1.350
2022-05-01,   -1.280
2022-06-01,   -0.880
2022-07-01,   -0.690
2022-08-01,   -1.020
2022-09-01,   -1.130
2022-10-01,   -1.060
2022-11-01,   -1.130
2022-12-01,   -0.980
2023-01-01,   -0.880
2023-02-01,   -0.730
2023-03-01,   -0.440
2023-04-01,   -0.490
2023-05-01,   -0.010
2023-06-01,    0.370
2023-07-01,    0.480
2023-08-01,    0.780
2023-09-01,    1.100
2023-10-01,    1.250
2023-11-01,    1.550
2023-12-01,    1.480
2024-01-01,    1.180
2024-02-01,    0.740
2024-03-01,    0.410
2024-04-01,    0.110
2024-05-01,   -0.410
2024-06-01,   -0.530
2024-07-01,   -0.410
2024-08-01,   -0.530
2024-09-01,   -0.750
2024-10-01,   -0.730
2024-11-01,   -0.810
2024-12-01,   -1.100
2025-01-01,   -1.230
2025-02-01,   -0.960
2025-03-01,   -0.350
2025-04-01,   -0.660
2025-05-01,   -0.500
2025-06-01,   -0.270
2025-07-01,   -0.320
2025-08-01,   -0.620
2025-09-01,   -0.820
2025-10-01,   -0.900
2025-11-01,   -1.080
2025-12-01,   -0.950
2026-01-01,   -1.090
2026-02-01,   -0.690
2026-03-01,   -0.500
2026-04-01,   -0.130
2026-05-01,    0.520
2026-06-01,    1.070
2026-07-01,    1.340
2026-08-01,-9999.000
2026-09-01,-9999.000
2026-10-01,-9999.000
2026-11-01,-9999.000
2026-12-01,-9999.000
