date,NINO,APORTES,ENERGY_PRICE
2000-01-01,-1.79,884.252935483871,36.77877993548389
2000-02-01,-1.53,981.5983793103449,40.261476827586215
2000-03-01,-1.26,1088.701935483871,37.637297376344094
2000-04-01,-0.8,998.995,44.29805744444445
2000-05-01,-0.8,1723.73,37.29112184946237
2000-06-01,-0.75,1375.755,39.9932027638889
2000-07-01,-0.57,1126.2835483870967,42.801140806451606
2000-08-01,-0.36,1248.443225806452,49.070172247311824
2000-09-01,-0.39,1118.5696666666663,59.53525166666665
2000-10-01,-0.55,977.8412903225806,48.42078824731182
2000-11-01,-0.75,1048.7816666666668,45.39779070833333
2000-12-01,-0.92,783.619696394687,55.40978918279569
2001-01-01,-0.88,539.6709677419356,70.60665351612904
2001-02-01,-0.63,487.2446428571429,86.04176400000001
2001-03-01,-0.48,792.7690322580645,70.62400477419357
2001-04-01,-0.3,732.1716666666665,67.14124172222225
2001-05-01,-0.3,1082.5441935483868,50.00543716129033
2001-06-01,-0.11,1367.031,43.02527800000001
2001-07-01,0.01,1059.5283870967744,39.87171288172044
2001-08-01,-0.07,1115.2525806451613,38.96622711827957
2001-09-01,-0.28,935.697,45.30853116666666
2001-10-01,-0.26,781.3164516129032,46.79236440860216
2001-11-01,-0.28,1052.345,38.96203355555557
2001-12-01,-0.46,1615.1581451612903,35.05497249462366
2002-01-01,-0.14,730.72,38.70992283870969
2002-02-01,0.0,527.3714285714286,56.64558720238095
2002-03-01,0.11,826.8264516129032,52.869984967741935
2002-04-01,0.14,1696.4249999999995,48.44514172222224
2002-05-01,0.21,1805.1361290322584,39.42040721505375
2002-06-01,0.68,2371.3666666666663,35.13288577777779
2002-07-01,0.57,1857.036451612903,42.15307365591398
2002-08-01,0.7,1692.191935483871,45.40600548387098
2002-09-01,0.82,1264.928666666667,49.05839005555558
2002-10-01,1.16,1299.9512903225807,60.21958511827957
2002-11-01,1.41,1301.1443000000002,53.04030677777779
2002-12-01,1.41,1139.8666774193548,64.10013347311826
2003-01-01,0.98,600.1815774193548,69.11900180645164
2003-02-01,0.64,603.3608714285713,71.96138294047618
2003-03-01,0.48,785.6370741935484,76.83774978494621
2003-04-01,-0.03,1424.8493,80.1186462222222
2003-05-01,-0.52,1994.2841290322576,69.47551355913978
2003-06-01,-0.19,1857.6583666666663,64.70255361111113
2003-07-01,0.14,1897.6686774193545,69.92515717204299
2003-08-01,0.05,1440.5006451612903,65.20440784946234
2003-09-01,0.15,1513.048633333333,62.49289883333333
2003-10-01,0.46,1887.5750322580643,55.49408678494625
2003-11-01,0.39,1812.5325,63.66732772222222
2003-12-01,0.32,1582.1754838709678,52.346394150537634
2004-01-01,0.26,1015.2290322580644,58.87687567741936
2004-02-01,0.17,659.2813793103448,70.40081575862067
2004-03-01,-0.1,800.4751612903226,73.14546574193547
2004-04-01,0.06,1472.6887,70.654513
2004-05-01,0.1,1908.7633548387096,72.12580626881721
2004-06-01,0.14,2278.093666666666,51.34673188888889
2004-07-01,0.41,1771.4392903225803,52.8359307204301
2004-08-01,0.66,1732.333677419355,53.98454622580645
2004-09-01,0.67,1458.7115333333334,60.11169638888888
2004-10-01,0.73,1614.561,71.77283973118276
2004-11-01,0.62,2066.932866666667,67.38508438888888
2004-12-01,0.71,1447.663935483871,67.57161937634409
2005-01-01,0.56,1077.8112903225806,82.78205547311832
2005-02-01,0.26,1237.593357142857,73.86437828571425
2005-03-01,0.28,1031.7641935483873,69.21760983870965
2005-04-01,0.28,1538.7875,68.32830544444441
2005-05-01,0.3,1968.1382903225808,69.39889759139787
2005-06-01,0.22,1966.199933333333,59.05737277777777
2005-07-01,-0.01,1538.096,77.80062675268819
2005-08-01,-0.04,1546.745,85.8283337311828
2005-09-01,-0.08,1523.8857,87.75673088888885
2005-10-01,-0.15,1980.7044193548384,81.2168141935484
2005-11-01,-0.44,2237.3164666666667,56.20127394444447
2005-12-01,-0.75,1614.0878709677422,79.96953117204299
2006-01-01,-0.98,1260.4601935483872,79.0264871935484
2006-02-01,-0.71,1094.8345714285715,75.52091904761903
2006-03-01,-0.73,1675.753806451613,65.7874476236559
2006-04-01,-0.3,2125.725966666667,54.01196816666667
2006-05-01,-0.11,2339.684967741936,53.73773859139783
2006-06-01,0.09,2363.2664,52.985621055555576
2006-07-01,0.03,1935.0271612903225,59.31640294623657
2006-08-01,0.37,1425.2477096774192,66.5327544623656
2006-09-01,0.62,1361.7676666666669,103.44861244444442
2006-10-01,0.76,1617.1746129032258,130.5117015698925
2006-11-01,0.98,2078.0477,80.43596811111111
2006-12-01,1.1,1831.2145483870968,64.23784768817204
2007-01-01,0.59,1054.0819032258064,88.4634188064516
2007-02-01,0.12,616.6976785714285,106.98867625
2007-03-01,-0.15,1021.9474838709676,100.79190553763443
2007-04-01,-0.16,2018.8129666666664,91.82196516666664
2007-05-01,-0.39,2465.4943870967745,74.92841674193551
2007-06-01,-0.16,2818.833433333334,75.86059083333335
2007-07-01,-0.37,1846.643580645161,80.26138731182796
2007-08-01,-0.57,1864.719419354839,85.21333926881718
2007-09-01,-1.04,1634.8998666666666,74.03187861111111
2007-10-01,-1.41,2286.0155161290327,80.52224479569892
2007-11-01,-1.58,2187.953733333333,62.60941055555557
2007-12-01,-1.61,1858.0136129032253,85.05587180645159
2008-01-01,-1.79,1245.6737096774193,95.31448808602148
2008-02-01,-1.7,1391.271068965517,100.63301501149422
2008-03-01,-1.17,1404.5013225806451,89.54313483870969
2008-04-01,-0.89,1564.9079,102.94095199722224
2008-05-01,-0.64,2355.672225806452,96.52427075268815
2008-06-01,-0.44,2484.3070666666667,76.02115527777775
2008-07-01,-0.04,2648.9030967741937,62.64224702150536
2008-08-01,-0.04,1896.3888387096777,73.0971862043011
2008-09-01,-0.28,1754.9332333333334,80.72590626111113
2008-10-01,-0.3,2065.3105806451613,82.866759
2008-11-01,-0.37,2609.8831,87.22603255555558
2008-12-01,-0.9,1821.6802258064515,107.64402849462364
2009-01-01,-1.0,1638.175548387097,133.1804702473118
2009-02-01,-0.71,1422.5435000000002,122.25375114285714
2009-03-01,-0.72,1821.467129032258,108.17769748387096
2009-04-01,-0.25,1757.3179,88.94394527777779
2009-05-01,0.17,1753.2455483870967,118.08310166666668
2009-06-01,0.49,1933.696333333333,125.58334211111112
2009-07-01,0.69,1964.0463548387097,125.51687345161292
2009-08-01,0.62,1660.5015806451613,127.68792277419352
2009-09-01,0.68,1118.3246,182.5095005
2009-10-01,0.96,1242.8113548387096,189.93442636559132
2009-11-01,1.49,1524.3416666666667,152.52863128888887
2009-12-01,1.81,953.598741935484,195.0491639892473
2010-01-01,1.43,531.9025483870969,152.2578755806451
2010-02-01,1.18,556.6923571428572,195.59115854761905
2010-03-01,1.07,778.5531290322581,189.981887
2010-04-01,0.56,1527.9917666666663,195.5365247
2010-05-01,-0.15,1837.990419354839,150.3243332580645
2010-06-01,-0.62,1980.9497,91.33092138888888
2010-07-01,-0.89,2188.378387096774,82.94435402150538
2010-08-01,-1.33,1757.992483870968,84.85816305376345
2010-09-01,-1.56,1801.1704333333332,112.30941277777778
2010-10-01,-1.65,1712.6432258064517,136.52222272043014
2010-11-01,-1.57,2827.9955,92.01793782222222
2010-12-01,-1.63,2388.1683870967745,66.69853210752687
2011-01-01,-1.7,1266.9142980030722,89.4705183655914
2011-02-01,-1.26,1213.5605714285714,105.68437985714286
2011-03-01,-0.98,1753.670548387097,79.7267019032258
2011-04-01,-0.74,3061.683433333333,73.41635112222222
2011-05-01,-0.53,2736.952806451613,58.49071407526881
2011-06-01,-0.25,2265.8721333333337,60.06163481111111
2011-07-01,-0.23,2088.7333548387096,55.51386178494624
2011-08-01,-0.66,1546.916516129032,88.97861669892472
2011-09-01,-0.76,1607.1403333333333,92.50953437777778
2011-10-01,-0.93,1932.830548387097,72.86567944086022
2011-11-01,-1.09,2511.3066,70.53858275555555
2011-12-01,-1.05,2928.7986129032256,55.75605648387096
2012-01-01,-0.93,1798.5300645161287,53.61037947311828
2012-02-01,-0.61,1171.9528965517238,78.49598144827586
2012-03-01,-0.48,1443.515483870968,119.10521388172045
2012-04-01,-0.29,2460.5596,56.99427418888888
2012-05-01,-0.18,2284.874064516129,46.85869274193549
2012-06-01,0.14,1671.2307,87.35270906666666
2012-07-01,0.44,1782.52835483871,79.17754592473118
2012-08-01,0.66,1703.235193548387,140.26220102150538
2012-09-01,0.44,1241.9978,183.3778401333333
2012-10-01,0.23,1528.5186129032256,198.00380627956991
2012-11-01,0.33,1420.1212666666668,166.9982269888889
2012-12-01,-0.13,1236.031258064516,180.3391705376344
2013-01-01,-0.42,676.5885483870968,184.45569695698924
2013-02-01,-0.4,1086.8696071428571,181.1771141428572
2013-03-01,-0.14,1428.042870967742,137.53884632258064
2013-04-01,-0.08,1252.7266333333332,229.82422287777777
2013-05-01,-0.28,2116.575129032258,139.81515178494627
2013-06-01,-0.33,1682.1890666666668,143.10235772222222
2013-07-01,-0.28,1773.319032258065,232.1402435376344
2013-08-01,-0.29,1970.1819677419355,150.55001888172043
2013-09-01,-0.09,1683.2705666666668,144.20590491111113
2013-10-01,-0.24,1522.357,211.9383313333333
2013-11-01,-0.02,1827.243066666667,210.38550514444444
2013-12-01,-0.09,1746.0773870967744,164.0329949139785
2014-01-01,-0.42,1161.8111483870966,160.47509748387097
2014-02-01,-0.45,1093.6711071428572,187.9651093333333
2014-03-01,-0.07,1496.170677419355,151.3030924301075
2014-04-01,0.28,1320.3758999999998,373.7469429222223
2014-05-01,0.45,1907.3695161290325,381.9789959677419
2014-06-01,0.48,2184.5538,334.87149411111113
2014-07-01,0.13,1987.1051935483872,184.669632655914
2014-08-01,0.14,1674.675548387097,200.1672784301075
2014-09-01,0.37,1515.8703333333333,177.31851948888888
2014-10-01,0.48,1677.7811612903222,207.02634377419355
2014-11-01,0.89,1774.155733333333,166.56813924444447
2014-12-01,0.77,1730.7474193548387,175.05465266666667
2015-01-01,0.59,969.7379677419356,187.59591108602152
2015-02-01,0.57,1347.2359642857143,166.2312292738095
2015-03-01,0.48,1358.9537419354838,205.50295066666664
2015-04-01,0.9,2160.7005666666664,161.30443577777777
2015-05-01,1.04,1807.049387096774,259.1989313548387
2015-06-01,1.28,2792.5063,186.4165488
2015-07-01,1.56,2243.576129032258,206.15807048387097
2015-08-01,1.87,1992.9990967741933,183.70840486021504
2015-09-01,2.01,1385.5212,458.8346858444445
2015-10-01,2.21,1445.8007530589546,1106.619159612903
2015-11-01,2.57,1857.4735714285712,766.9919818444445
2015-12-01,2.56,1020.3919032258062,630.1935495913978
2016-01-01,2.56,664.3672903225806,554.1589823010753
2016-02-01,2.11,677.4757931034484,645.9999111494253
2016-03-01,1.6,905.4082903225806,830.0181967526883
2016-04-01,1.05,1709.715666666667,332.4932637111111
2016-05-01,0.45,2302.070612903225,140.31038082795698
2016-06-01,0.06,2284.365,167.97191656666664
2016-07-01,-0.25,2521.2563870967742,129.2143740967742
2016-08-01,-0.48,1790.378,198.0151265483871
2016-09-01,-0.46,1872.18178,150.3636568111111
2016-10-01,-0.75,2056.500258064516,184.94696905376344
2016-11-01,-0.63,2541.3882000000003,166.6776215111111
2016-12-01,-0.51,2301.839225806452,107.45283823655916
2017-01-01,-0.34,1832.5689032258067,111.50643569892472
2017-02-01,-0.01,1025.0955714285717,156.9946869642857
2017-03-01,-0.09,2388.534516129032,119.8590928817204
2017-04-01,0.22,2379.837933333333,96.47702438888888
2017-05-01,0.3,3518.2752903225805,71.65047594623655
2017-06-01,0.22,2942.7496999999994,68.50058371111112
2017-07-01,0.22,2631.544838709677,70.60407205376345
2017-08-01,-0.18,1989.6791612903228,92.5729874516129
2017-09-01,-0.56,1971.3187,124.32170758888888
2017-10-01,-0.52,1914.319322580645,137.36530622580645
2017-11-01,-0.84,2510.2773,126.71987426666668
2017-12-01,-0.85,1724.362548387097,101.34635160215056
2018-01-01,-0.86,1586.4978387096787,124.47677378494625
2018-02-01,-0.73,1177.019857142856,140.03725386904762
2018-03-01,-0.73,1202.1032580645158,172.1338948924731
2018-04-01,-0.36,2570.234033333333,115.66846886666669
2018-05-01,-0.12,3820.630774193553,75.11800815053763
2018-06-01,0.12,3040.0446000000006,73.93359082222221
2018-07-01,0.27,2547.969700000001,79.88897687096774
2018-08-01,0.05,2083.3509999999987,95.03049547311828
2018-09-01,0.3,1778.903733333333,101.43225115555556
2018-10-01,0.84,2499.817225806452,121.85983808602153
2018-11-01,1.0,2623.756343333333,104.11863222222222
2018-12-01,0.97,1347.3410419354827,191.33679912903224
2019-01-01,0.51,892.5152580645167,285.42366903225803
2019-02-01,0.62,1031.5502500000002,303.4703065119048
2019-03-01,0.81,1433.3744516129038,262.8579173548387
2019-04-01,0.67,2445.827600000001,189.79297133333333
2019-05-01,0.61,2841.5936129032266,172.12713089247313
2019-06-01,0.66,2970.455133333334,113.28355821111111
2019-07-01,0.41,2212.338193548388,122.33132255913978
2019-08-01,0.19,1842.827064516128,147.25797603225806
2019-09-01,0.11,1451.5346666666674,284.75647413333337
2019-10-01,0.55,2124.0683870967746,321.2870886129033
2019-11-01,0.74,2228.1345666666675,232.8934613555556
2019-12-01,0.51,1667.9533225806451,308.5090387311828
2020-01-01,0.64,1037.3010645161291,323.05469086021503
2020-02-01,0.48,893.0868620689662,430.5174712643679
2020-03-01,0.36,1074.797064516129,339.4915994623656
2020-04-01,0.49,1397.1515000000004,252.15969444444443
2020-05-01,-0.12,1790.5726129032262,360.9838306451613
2020-06-01,-0.21,2163.0873333333334,306.5829444444444
2020-07-01,-0.04,2610.4749310344823,156.878373655914
2020-08-01,-0.42,2153.7460967741927,158.96676075268817
2020-09-01,-0.66,1921.3333666666672,150.94013888888887
2020-10-01,-1.19,1908.2226774193543,198.3122983870968
2020-11-01,-1.01,2686.028766666665,179.97030555555554
2020-12-01,-0.98,1932.759,163.22466397849462
2021-01-01,-1.04,1480.5677741935478,181.257620967742
2021-02-01,-0.94,1250.2611071428564,270.1268601190476
2021-03-01,-0.72,2347.8868709677413,165.90516129032255
2021-04-01,-0.55,2347.1484333333337,162.63095833333333
2021-05-01,-0.41,3297.747967741934,100.53307795698925
2021-06-01,-0.06,3414.5190666666667,90.42504166666669
2021-07-01,-0.2,2665.2290645161297,91.72024193548388
2021-08-01,-0.38,2584.940225806452,93.61936827956988
2021-09-01,-0.5,2340.6226666666657,108.01794444444444
2021-10-01,-0.78,2590.2717096774204,103.75385752688172
2021-11-01,-0.88,2670.894766666667,104.17515277777778
2021-12-01,-1.07,1872.876285714285,335.94348118279567
2022-01-01,-0.77,1337.944433333333,289.91860215053765
2022-02-01,-0.68,1587.7972592592598,399.1649404761905
2022-03-01,-0.84,2552.5889677419364,226.99962365591395
2022-04-01,-0.9,3088.583466666667,143.79427777777775
2022-05-01,-1.02,3047.235,105.48951612903228
2022-06-01,-0.77,3365.4965000000007,104.145625
2022-07-01,-0.56,3106.7237741935496,109.3982930107527
2022-08-01,-0.96,2574.386258064515,150.88579301075268
2022-09-01,-1.06,2570.3877000000007,251.0650138888889
2022-10-01,-0.99,4771.493364809388,298.0675268817205
2022-11-01,-0.76,5128.196203333336,184.5360138888889
2022-12-01,-0.86,3182.274167741931,338.0845161290323
2023-01-01,-0.78,3137.098754838709,371.9811424731183
2023-02-01,-0.62,1926.337160714285,526.6861755952381
2023-03-01,-0.13,3788.324403225809,293.4953225806452
2023-04-01,0.24,3546.628616666668,226.9572361111112
2023-05-01,0.47,3214.529541935484,569.6899596774193
2023-06-01,0.95,3159.6192766666686,462.1933055555555
2023-07-01,1.2,2782.8150296187705,521.6461559139785
2023-08-01,1.56,2320.7786935483864,529.8252956989246
2023-09-01,1.65,1516.9987000000003,1014.9844722222222
2023-10-01,1.59,2202.754161290324,1015.4404301075268
2023-11-01,2.01,3107.8672333333334,504.5502083333334
2023-12-01,1.81,1725.0416774193543,656.1918548387097
2024-01-01,1.71,1090.0496451612903,558.7218951612905
2024-02-01,1.47,1156.7816551724138,568.7053304597702
2024-03-01,1.1,943.4972903225804,622.7734811827956
2024-04-01,0.93,1983.6035333333327,748.6564027777779
2024-05-01,0.41,4057.168129032256,291.550188172043
2024-06-01,0.25,4482.064633333329,280.6974861111111
2024-07-01,0.2,3257.87129032258,285.0932930107527
2024-08-01,0.02,2065.783580645161,567.4179166666665
2024-09-01,-0.11,1681.819566666667,873.70725
2024-10-01,-0.24,2162.8413548387102,1529.1342876344083
2024-11-01,-0.05,3285.768633333333,1046.4335833333332
2024-12-01,-0.58,2205.490967741937,741.0043548387097
