date,NINO,ENERGY_PRICE
2000-01-01,-1.79,36.77877993548389
2000-02-01,-1.53,40.261476827586215
2000-03-01,-1.26,37.637297376344094
2000-04-01,-0.8,44.29805744444445
2000-05-01,-0.8,37.29112184946237
2000-06-01,-0.75,39.9932027638889
2000-07-01,-0.57,42.801140806451606
2000-08-01,-0.36,49.070172247311824
2000-09-01,-0.39,59.53525166666665
2000-10-01,-0.55,48.42078824731182
2000-11-01,-0.75,45.39779070833333
2000-12-01,-0.92,55.40978918279569
2001-01-01,-0.88,70.60665351612904
2001-02-01,-0.63,86.04176400000001
2001-03-01,-0.48,70.62400477419357
2001-04-01,-0.3,67.14124172222225
2001-05-01,-0.3,50.00543716129033
2001-06-01,-0.11,43.02527800000001
2001-07-01,0.01,39.87171288172044
2001-08-01,-0.07,38.96622711827957
2001-09-01,-0.28,45.30853116666666
2001-10-01,-0.26,46.79236440860216
2001-11-01,-0.28,38.96203355555557
2001-12-01,-0.46,35.05497249462366
2002-01-01,-0.14,38.70992283870969
2002-02-01,0.0,56.64558720238095
2002-03-01,0.11,52.869984967741935
2002-04-01,0.14,48.44514172222224
2002-05-01,0.21,39.42040721505375
2002-06-01,0.68,35.13288577777779
2002-07-01,0.57,42.15307365591398
2002-08-01,0.7,45.40600548387098
2002-09-01,0.82,49.05839005555558
2002-10-01,1.16,60.21958511827957
2002-11-01,1.41,53.04030677777779
2002-12-01,1.41,64.10013347311826
2003-01-01,0.98,69.11900180645164
2003-02-01,0.64,71.96138294047618
2003-03-01,0.48,76.83774978494621
2003-04-01,-0.03,80.1186462222222
2003-05-01,-0.52,69.47551355913978
2003-06-01,-0.19,64.70255361111113
2003-07-01,0.14,69.92515717204299
2003-08-01,0.05,65.20440784946234
2003-09-01,0.15,62.49289883333333
2003-10-01,0.46,55.49408678494625
2003-11-01,0.39,63.66732772222222
2003-12-01,0.32,52.346394150537634
2004-01-01,0.26,58.87687567741936
2004-02-01,0.17,70.40081575862067
2004-03-01,-0.1,73.14546574193547
2004-04-01,0.06,70.654513
2004-05-01,0.1,72.12580626881721
2004-06-01,0.14,51.34673188888889
2004-07-01,0.41,52.8359307204301
2004-08-01,0.66,53.98454622580645
2004-09-01,0.67,60.11169638888888
2004-10-01,0.73,71.77283973118276
2004-11-01,0.62,67.38508438888888
2004-12-01,0.71,67.57161937634409
2005-01-01,0.56,82.78205547311832
2005-02-01,0.26,73.86437828571425
2005-03-01,0.28,69.21760983870965
2005-04-01,0.28,68.32830544444441
2005-05-01,0.3,69.39889759139787
2005-06-01,0.22,59.05737277777777
2005-07-01,-0.01,77.80062675268819
2005-08-01,-0.04,85.8283337311828
2005-09-01,-0.08,87.75673088888885
2005-10-01,-0.15,81.2168141935484
2005-11-01,-0.44,56.20127394444447
2005-12-01,-0.75,79.96953117204299
2006-01-01,-0.98,79.0264871935484
2006-02-01,-0.71,75.52091904761903
2006-03-01,-0.73,65.7874476236559
2006-04-01,-0.3,54.01196816666667
2006-05-01,-0.11,53.73773859139783
2006-06-01,0.09,52.985621055555576
2006-07-01,0.03,59.31640294623657
2006-08-01,0.37,66.5327544623656
2006-09-01,0.62,103.44861244444442
2006-10-01,0.76,130.5117015698925
2006-11-01,0.98,80.43596811111111
2006-12-01,1.1,64.23784768817204
2007-01-01,0.59,88.4634188064516
2007-02-01,0.12,106.98867625
2007-03-01,-0.15,100.79190553763443
2007-04-01,-0.16,91.82196516666664
2007-05-01,-0.39,74.92841674193551
2007-06-01,-0.16,75.86059083333335
2007-07-01,-0.37,80.26138731182796
2007-08-01,-0.57,85.21333926881718
2007-09-01,-1.04,74.03187861111111
2007-10-01,-1.41,80.52224479569892
2007-11-01,-1.58,62.60941055555557
2007-12-01,-1.61,85.05587180645159
2008-01-01,-1.79,95.31448808602148
2008-02-01,-1.7,100.63301501149422
2008-03-01,-1.17,89.54313483870969
2008-04-01,-0.89,102.94095199722224
2008-05-01,-0.64,96.52427075268815
2008-06-01,-0.44,76.02115527777775
2008-07-01,-0.04,62.64224702150536
2008-08-01,-0.04,73.0971862043011
2008-09-01,-0.28,80.72590626111113
2008-10-01,-0.3,82.866759
2008-11-01,-0.37,87.22603255555558
2008-12-01,-0.9,107.64402849462364
2009-01-01,-1.0,133.1804702473118
2009-02-01,-0.71,122.25375114285714
2009-03-01,-0.72,108.17769748387096
2009-04-01,-0.25,88.94394527777779
2009-05-01,0.17,118.08310166666668
2009-06-01,0.49,125.58334211111112
2009-07-01,0.69,125.51687345161292
2009-08-01,0.62,127.68792277419352
2009-09-01,0.68,182.5095005
2009-10-01,0.96,189.93442636559135
2009-11-01,1.49,152.52863128888887
2009-12-01,1.81,195.0491639892473
2010-01-01,1.43,152.2578755806451
2010-02-01,1.18,195.59115854761905
2010-03-01,1.07,189.981887
2010-04-01,0.56,195.5365247
2010-05-01,-0.15,150.3243332580645
2010-06-01,-0.62,91.33092138888888
2010-07-01,-0.89,82.94435402150538
2010-08-01,-1.33,84.85816305376345
2010-09-01,-1.56,112.30941277777778
2010-10-01,-1.65,136.52222272043014
2010-11-01,-1.57,92.01793782222222
2010-12-01,-1.63,66.69853210752687
2011-01-01,-1.7,89.4705183655914
2011-02-01,-1.26,105.68437985714286
2011-03-01,-0.98,79.7267019032258
2011-04-01,-0.74,73.41635112222222
2011-05-01,-0.53,58.49071407526881
2011-06-01,-0.25,60.06163481111111
2011-07-01,-0.23,55.51386178494624
2011-08-01,-0.66,88.97861669892472
2011-09-01,-0.76,92.50953437777778
2011-10-01,-0.93,72.86567944086022
2011-11-01,-1.09,70.53858275555555
2011-12-01,-1.05,55.75605648387096
2012-01-01,-0.93,53.61037947311828
2012-02-01,-0.61,78.49598144827586
2012-03-01,-0.48,119.10521388172045
2012-04-01,-0.29,56.99427418888888
2012-05-01,-0.18,46.85869274193549
2012-06-01,0.14,87.35270906666666
2012-07-01,0.44,79.17754592473118
2012-08-01,0.66,140.26220102150538
2012-09-01,0.44,183.3778401333333
2012-10-01,0.23,198.00380627956991
2012-11-01,0.33,166.9982269888889
2012-12-01,-0.13,180.3391705376344
2013-01-01,-0.42,184.45569695698924
2013-02-01,-0.4,181.17711414285716
2013-03-01,-0.14,137.53884632258064
2013-04-01,-0.08,229.82422287777777
2013-05-01,-0.28,139.81515178494627
2013-06-01,-0.33,143.10235772222222
2013-07-01,-0.28,232.1402435376344
2013-08-01,-0.29,150.55001888172043
2013-09-01,-0.09,144.20590491111113
2013-10-01,-0.24,211.9383313333333
2013-11-01,-0.02,210.38550514444444
2013-12-01,-0.09,164.0329949139785
2014-01-01,-0.42,160.47509748387097
2014-02-01,-0.45,187.96510933333332
2014-03-01,-0.07,151.3030924301075
2014-04-01,0.28,373.7469429222223
2014-05-01,0.45,381.9789959677419
2014-06-01,0.48,334.87149411111113
2014-07-01,0.13,184.669632655914
2014-08-01,0.14,200.1672784301075
2014-09-01,0.37,177.31851948888888
2014-10-01,0.48,207.02634377419355
2014-11-01,0.89,166.56813924444447
2014-12-01,0.77,175.05465266666667
2015-01-01,0.59,187.59591108602152
2015-02-01,0.57,166.2312292738095
2015-03-01,0.48,205.50295066666664
2015-04-01,0.9,161.30443577777777
2015-05-01,1.04,259.1989313548387
2015-06-01,1.28,186.4165488
2015-07-01,1.56,206.15807048387097
2015-08-01,1.87,183.70840486021504
2015-09-01,2.01,458.8346858444445
2015-10-01,2.21,1106.619159612903
2015-11-01,2.57,766.9919818444445
2015-12-01,2.56,630.1935495913978
2016-01-01,2.56,554.1589823010753
2016-02-01,2.11,645.9999111494253
2016-03-01,1.6,830.0181967526883
2016-04-01,1.05,332.4932637111111
2016-05-01,0.45,140.31038082795698
2016-06-01,0.06,167.97191656666664
2016-07-01,-0.25,129.2143740967742
2016-08-01,-0.48,198.0151265483871
2016-09-01,-0.46,150.3636568111111
2016-10-01,-0.75,184.94696905376344
2016-11-01,-0.63,166.6776215111111
2016-12-01,-0.51,107.45283823655916
2017-01-01,-0.34,111.50643569892472
2017-02-01,-0.01,156.9946869642857
2017-03-01,-0.09,119.8590928817204
2017-04-01,0.22,96.47702438888888
2017-05-01,0.3,71.65047594623655
2017-06-01,0.22,68.50058371111112
2017-07-01,0.22,70.60407205376345
2017-08-01,-0.18,92.5729874516129
2017-09-01,-0.56,124.32170758888888
2017-10-01,-0.52,137.36530622580645
2017-11-01,-0.84,126.71987426666668
2017-12-01,-0.85,101.34635160215056
2018-01-01,-0.86,124.47677378494625
2018-02-01,-0.73,140.03725386904762
2018-03-01,-0.73,172.1338948924731
2018-04-01,-0.36,115.66846886666669
2018-05-01,-0.12,75.11800815053763
2018-06-01,0.12,73.93359082222221
2018-07-01,0.27,79.88897687096774
2018-08-01,0.05,95.03049547311828
2018-09-01,0.3,101.43225115555556
2018-10-01,0.84,121.85983808602153
2018-11-01,1.0,104.11863222222222
2018-12-01,0.97,191.33679912903224
2019-01-01,0.51,285.42366903225803
2019-02-01,0.62,303.4703065119048
2019-03-01,0.81,262.8579173548387
2019-04-01,0.67,189.79297133333333
2019-05-01,0.61,172.12713089247313
2019-06-01,0.66,113.28355821111111
2019-07-01,0.41,122.33132255913978
2019-08-01,0.19,147.25797603225806
2019-09-01,0.11,284.75647413333337
2019-10-01,0.55,321.2870886129033
2019-11-01,0.74,232.8934613555556
2019-12-01,0.51,308.5090387311828
2020-01-01,0.64,323.05469086021503
2020-02-01,0.48,430.5174712643679
2020-03-01,0.36,339.4915994623656
2020-04-01,0.49,252.15969444444443
2020-05-01,-0.12,360.9838306451613
2020-06-01,-0.21,306.5829444444444
2020-07-01,-0.04,156.878373655914
2020-08-01,-0.42,158.96676075268817
2020-09-01,-0.66,150.94013888888887
2020-10-01,-1.19,198.3122983870968
2020-11-01,-1.01,179.97030555555554
2020-12-01,-0.98,163.22466397849462
2021-01-01,-1.04,181.25762096774196
2021-02-01,-0.94,270.1268601190476
2021-03-01,-0.72,165.90516129032255
2021-04-01,-0.55,162.63095833333333
2021-05-01,-0.41,100.53307795698925
2021-06-01,-0.06,90.42504166666669
2021-07-01,-0.2,91.72024193548388
2021-08-01,-0.38,93.61936827956988
2021-09-01,-0.5,108.01794444444444
2021-10-01,-0.78,103.75385752688172
2021-11-01,-0.88,104.17515277777778
2021-12-01,-1.07,335.94348118279567
2022-01-01,-0.77,289.91860215053765
2022-02-01,-0.68,399.1649404761905
2022-03-01,-0.84,226.99962365591395
2022-04-01,-0.9,143.79427777777775
2022-05-01,-1.02,105.48951612903228
2022-06-01,-0.77,104.145625
2022-07-01,-0.56,109.3982930107527
2022-08-01,-0.96,150.88579301075268
2022-09-01,-1.06,251.0650138888889
2022-10-01,-0.99,298.0675268817205
2022-11-01,-0.76,184.5360138888889
2022-12-01,-0.86,338.0845161290323
2023-01-01,-0.78,371.9811424731183
2023-02-01,-0.62,526.6861755952381
2023-03-01,-0.13,293.4953225806452
2023-04-01,0.24,226.95723611111117
2023-05-01,0.47,569.6899596774193
2023-06-01,0.95,462.1933055555555
2023-07-01,1.2,521.6461559139785
2023-08-01,1.56,529.8252956989246
2023-09-01,1.65,1014.9844722222222
2023-10-01,1.59,1015.4404301075268
2023-11-01,2.01,504.5502083333334
2023-12-01,1.81,656.1918548387097
2024-01-01,1.71,558.7218951612905
2024-02-01,1.47,568.7053304597702
2024-03-01,1.1,622.7734811827956
2024-04-01,0.93,748.6564027777779
2024-05-01,0.41,291.550188172043
2024-06-01,0.25,280.6974861111111
2024-07-01,0.2,285.0932930107527
2024-08-01,0.02,567.4179166666665
2024-09-01,-0.11,873.70725
2024-10-01,-0.24,1529.1342876344083
2024-11-01,-0.05,1046.4335833333332
2024-12-01,-0.58,741.0043548387097
