date,RONI,ENERGY_PRICE,APORTES
2000-01-01,-1.79,36.77877993548389,105592211.1111111
2000-02-01,-1.53,40.261476827586215,110757544.44444443
2000-03-01,-1.26,37.637297376344094,125186700.0
2000-04-01,-0.8,44.29805744444445,134980622.2222222
2000-05-01,-0.8,37.29112184946237,267661166.66666663
2000-06-01,-0.75,39.9932027638889,271642366.6666667
2000-07-01,-0.57,42.801140806451606,263833182.3529412
2000-08-01,-0.36,49.070172247311824,247242511.1111111
2000-09-01,-0.39,59.53525166666665,249839066.66666663
2000-10-01,-0.55,48.42078824731182,208389322.2222222
2000-11-01,-0.75,45.39779070833333,184475133.3333333
2000-12-01,-0.92,55.40978918279569,108737680.0
2001-01-01,-0.88,70.60665351612904,72361352.38095239
2001-02-01,-0.63,86.04176400000001,55238357.14285714
2001-03-01,-0.48,70.62400477419357,91997519.04761904
2001-04-01,-0.3,67.14124172222225,94512200.0
2001-05-01,-0.3,50.00543716129033,176018090.47619048
2001-06-01,-0.11,43.02527800000001,196838328.57142857
2001-07-01,0.01,39.87171288172044,177234085.7142857
2001-08-01,-0.07,38.96622711827957,176078766.66666666
2001-09-01,-0.28,45.30853116666666,161459780.95238096
2001-10-01,-0.26,46.79236440860216,133942052.3809524
2001-11-01,-0.28,38.96203355555557,157685095.23809522
2001-12-01,-0.46,35.05497249462366,140881691.3043478
2002-01-01,-0.14,38.70992283870969,74753265.2173913
2002-02-01,0.0,56.64558720238095,55656134.782608695
2002-03-01,0.11,52.869984967741935,91052178.26086956
2002-04-01,0.14,48.44514172222224,173959313.04347825
2002-05-01,0.21,39.42040721505375,207348330.4347826
2002-06-01,0.68,35.13288577777779,274762369.5652174
2002-07-01,0.57,42.15307365591398,206436221.73913044
2002-08-01,0.7,45.40600548387098,195789195.6521739
2002-09-01,0.82,49.05839005555558,135227330.4347826
2002-10-01,1.16,60.21958511827957,127786786.95652172
2002-11-01,1.41,53.04030677777779,123802008.69565216
2002-12-01,1.41,64.10013347311826,94326962.5
2003-01-01,0.98,69.11900180645164,48869779.16666666
2003-02-01,0.64,71.96138294047618,49381441.66666666
2003-03-01,0.48,76.83774978494621,81381404.16666667
2003-04-01,-0.03,80.1186462222222,154008654.16666666
2003-05-01,-0.52,69.47551355913978,218973754.16666663
2003-06-01,-0.19,64.70255361111113,200691520.8333333
2003-07-01,0.14,69.92515717204299,185736825.0
2003-08-01,0.05,65.20440784946234,163599004.16666666
2003-09-01,0.15,62.49289883333333,146319195.83333334
2003-10-01,0.46,55.49408678494625,188355570.8333333
2003-11-01,0.39,63.66732772222222,164929058.33333334
2003-12-01,0.32,52.346394150537634,143975700.0
2004-01-01,0.26,58.87687567741936,87233629.16666667
2004-02-01,0.17,70.40081575862067,65133979.16666666
2004-03-01,-0.1,73.14546574193547,98161545.83333331
2004-04-01,0.06,70.654513,150870845.83333334
2004-05-01,0.1,72.12580626881721,242843583.3333333
2004-06-01,0.14,51.34673188888889,267010204.16666663
2004-07-01,0.41,52.8359307204301,214961470.8333333
2004-08-01,0.66,53.98454622580645,195215016.66666663
2004-09-01,0.67,60.11169638888888,170842675.0
2004-10-01,0.73,71.77283973118276,188585362.5
2004-11-01,0.62,67.38508438888888,210922087.5
2004-12-01,0.71,67.57161937634409,123637775.0
2005-01-01,0.56,82.78205547311832,92736425.0
2005-02-01,0.26,73.86437828571425,83554508.33333333
2005-03-01,0.28,69.21760983870965,79371850.0
2005-04-01,0.28,68.32830544444441,145371800.0
2005-05-01,0.3,69.39889759139787,234081370.8333333
2005-06-01,0.22,59.05737277777777,201853541.66666663
2005-07-01,-0.01,77.80062675268819,147502629.16666666
2005-08-01,-0.04,85.8283337311828,162904325.0
2005-09-01,-0.08,87.75673088888885,171338162.5
2005-10-01,-0.15,81.2168141935484,200041612.5
2005-11-01,-0.44,56.20127394444447,233912758.3333333
2005-12-01,-0.75,79.96953117204299,119584125.0
2006-01-01,-0.98,79.0264871935484,98491895.83333331
2006-02-01,-0.71,75.52091904761903,76177691.66666667
2006-03-01,-0.73,65.7874476236559,144172262.5
2006-04-01,-0.3,54.01196816666667,224461054.16666663
2006-05-01,-0.11,53.73773859139783,286389841.6666667
2006-06-01,0.09,52.985621055555576,254967912.5
2006-07-01,0.03,59.31640294623657,200464683.3333333
2006-08-01,0.37,66.5327544623656,151686695.83333334
2006-09-01,0.62,103.44861244444442,135778950.0
2006-10-01,0.76,130.5117015698925,201455745.8333333
2006-11-01,0.98,80.43596811111111,214976558.3333333
2006-12-01,1.1,64.23784768817204,141153854.16666666
2007-01-01,0.59,88.4634188064516,92077354.16666669
2007-02-01,0.12,106.98867625,50943404.16666666
2007-03-01,-0.15,100.79190553763443,90761237.5
2007-04-01,-0.16,91.82196516666664,175372912.5
2007-05-01,-0.39,74.92841674193551,233418370.8333333
2007-06-01,-0.16,75.86059083333335,251048920.8333333
2007-07-01,-0.37,80.26138731182796,177256550.0
2007-08-01,-0.57,85.21333926881718,197531587.5
2007-09-01,-1.04,74.03187861111111,177360370.83333334
2007-10-01,-1.41,80.52224479569892,243747650.0
2007-11-01,-1.58,62.60941055555557,199788754.16666663
2007-12-01,-1.61,85.05587180645159,158486937.5
2008-01-01,-1.79,95.31448808602148,109311004.16666669
2008-02-01,-1.7,100.63301501149422,106305858.33333331
2008-03-01,-1.17,89.54313483870969,121424158.33333331
2008-04-01,-0.89,102.94095199722224,134848091.66666666
2008-05-01,-0.64,96.52427075268815,235488416.66666663
2008-06-01,-0.44,76.02115527777775,276696712.5
2008-07-01,-0.04,62.64224702150536,303842512.5
2008-08-01,-0.04,73.0971862043011,234667433.3333333
2008-09-01,-0.28,80.72590626111113,193547079.16666663
2008-10-01,-0.3,82.866759,225691395.8333333
2008-11-01,-0.37,87.22603255555558,287659062.5
2008-12-01,-0.9,107.64402849462364,161742383.33333334
2009-01-01,-1.0,133.1804702473118,141683450.0
2009-02-01,-0.71,122.25375114285714,110531375.0
2009-03-01,-0.72,108.17769748387096,144651395.83333334
2009-04-01,-0.25,88.94394527777779,169050900.0
2009-05-01,0.17,118.08310166666668,168751508.33333334
2009-06-01,0.49,125.58334211111112,193418325.0
2009-07-01,0.69,125.51687345161292,211861554.16666663
2009-08-01,0.62,127.68792277419352,186417370.8333333
2009-09-01,0.68,182.5095005,120065958.33333331
2009-10-01,0.96,189.93442636559135,133311537.5
2009-11-01,1.49,152.52863128888887,136357858.33333334
2009-12-01,1.81,195.0491639892473,81357779.16666667
2010-01-01,1.43,152.2578755806451,50899016.66666666
2010-02-01,1.18,195.59115854761905,46771112.5
2010-03-01,1.07,189.981887,74935845.83333333
2010-04-01,0.56,195.5365247,145395837.5
2010-05-01,-0.15,150.3243332580645,199747091.66666663
2010-06-01,-0.62,91.33092138888888,226102666.66666663
2010-07-01,-0.89,82.94435402150538,275701654.1666667
2010-08-01,-1.33,84.85816305376345,195689033.3333333
2010-09-01,-1.56,112.30941277777778,205658016.66666663
2010-10-01,-1.65,136.52222272043014,209051879.16666663
2010-11-01,-1.57,92.01793782222222,310121433.3333333
2010-12-01,-1.63,66.69853210752687,239282883.3333333
2011-01-01,-1.7,89.4705183655914,127149856.0
2011-02-01,-1.26,105.68437985714286,111334684.0
2011-03-01,-0.98,79.7267019032258,219935908.0
2011-04-01,-0.74,73.41635112222222,390734852.0
2011-05-01,-0.53,58.49071407526881,356421564.0
2011-06-01,-0.25,60.06163481111111,274257600.0
2011-07-01,-0.23,55.51386178494624,225647228.0
2011-08-01,-0.66,88.97861669892472,196109760.0
2011-09-01,-0.76,92.50953437777778,185397872.0
2011-10-01,-0.93,72.86567944086022,261099484.0
2011-11-01,-1.09,70.53858275555555,301793332.0
2011-12-01,-1.05,55.75605648387096,290496748.0
2012-01-01,-0.93,53.61037947311828,160228556.0
2012-02-01,-0.61,78.49598144827586,103533872.0
2012-03-01,-0.48,119.10521388172045,152233400.0
2012-04-01,-0.29,56.99427418888888,297092576.0
2012-05-01,-0.18,46.85869274193549,305047172.0
2012-06-01,0.14,87.35270906666666,196441060.0
2012-07-01,0.44,79.17754592473118,229270624.0
2012-08-01,0.66,140.26220102150538,219813780.0
2012-09-01,0.44,183.3778401333333,133640388.0
2012-10-01,0.23,198.00380627956991,181582540.0
2012-11-01,0.33,166.9982269888889,156006872.0
2012-12-01,-0.13,180.3391705376344,118083832.0
2013-01-01,-0.42,184.45569695698924,70305916.0
2013-02-01,-0.4,181.17711414285716,91385276.0
2013-03-01,-0.14,137.53884632258064,120747888.0
2013-04-01,-0.08,229.82422287777777,123106244.0
2013-05-01,-0.28,139.81515178494627,256239584.6153846
2013-06-01,-0.33,143.10235772222222,169534166.66666666
2013-07-01,-0.28,232.1402435376344,168674885.1851852
2013-08-01,-0.29,150.55001888172043,206113081.4814815
2013-09-01,-0.09,144.20590491111113,160531244.44444445
2013-10-01,-0.24,211.9383313333333,155108111.1111111
2013-11-01,-0.02,210.38550514444444,187335692.5925926
2013-12-01,-0.09,164.0329949139785,161971311.1111111
2014-01-01,-0.42,160.47509748387097,97730974.07407407
2014-02-01,-0.45,187.96510933333332,93001029.62962964
2014-03-01,-0.07,151.3030924301075,120774044.44444443
2014-04-01,0.28,373.7469429222223,124158751.85185184
2014-05-01,0.45,381.9789959677419,166065748.14814815
2014-06-01,0.48,334.87149411111113,234816766.66666663
2014-07-01,0.13,184.669632655914,215490288.8888889
2014-08-01,0.14,200.1672784301075,167558100.0
2014-09-01,0.37,177.31851948888888,151518066.66666666
2014-10-01,0.48,207.02634377419355,177429022.2222222
2014-11-01,0.89,166.56813924444447,170572900.0
2014-12-01,0.77,175.05465266666667,131820250.0
2015-01-01,0.59,187.59591108602152,81665300.0
2015-02-01,0.57,166.2312292738095,92412296.42857143
2015-03-01,0.48,205.50295066666664,97378771.42857143
2015-04-01,0.9,161.30443577777777,160383621.42857143
2015-05-01,1.04,259.1989313548387,162513800.0
2015-06-01,1.28,186.4165488,249489292.85714287
2015-07-01,1.56,206.15807048387097,220674582.14285716
2015-08-01,1.87,183.70840486021504,196344525.0
2015-09-01,2.01,458.8346858444445,121928550.0
2015-10-01,2.21,1106.619159612903,109324596.42857143
2015-11-01,2.57,766.9919818444445,132404048.27586208
2015-12-01,2.56,630.1935495913978,80491793.10344827
2016-01-01,2.56,554.1589823010753,55029782.75862069
2016-02-01,2.11,645.9999111494253,53974844.82758621
2016-03-01,1.6,830.0181967526883,67571868.96551724
2016-04-01,1.05,332.4932637111111,139332875.86206895
2016-05-01,0.45,140.31038082795698,187114537.93103448
2016-06-01,0.06,167.97191656666664,174115472.41379312
2016-07-01,-0.25,129.2143740967742,219736468.96551725
2016-08-01,-0.48,198.0151265483871,170294227.58620688
2016-09-01,-0.46,150.3636568111111,198621558.6206897
2016-10-01,-0.75,184.94696905376344,180544693.10344827
2016-11-01,-0.63,166.6776215111111,209504068.96551725
2016-12-01,-0.51,107.45283823655916,172171706.89655173
2017-01-01,-0.34,111.50643569892472,132002020.0
2017-02-01,-0.01,156.9946869642857,75794516.66666667
2017-03-01,-0.09,119.8590928817204,190642020.0
2017-04-01,0.22,96.47702438888888,166031210.0
2017-05-01,0.3,71.65047594623655,295530893.3333333
2017-06-01,0.22,68.50058371111112,241303000.0
2017-07-01,0.22,70.60407205376345,207064536.66666663
2017-08-01,-0.18,92.5729874516129,159971870.0
2017-09-01,-0.56,124.32170758888888,163123760.0
2017-10-01,-0.52,137.36530622580645,152957996.66666666
2017-11-01,-0.84,126.71987426666668,186798410.0
2017-12-01,-0.85,101.34635160215056,128812700.0
2018-01-01,-0.86,124.47677378494625,127093813.79310344
2018-02-01,-0.73,140.03725386904762,79297979.31034483
2018-03-01,-0.73,172.1338948924731,102193793.10344829
2018-04-01,-0.36,115.66846886666669,236332703.44827583
2018-05-01,-0.12,75.11800815053763,314187681.25
2018-06-01,0.12,73.93359082222221,256148437.5
2018-07-01,0.27,79.88897687096774,221605500.0
2018-08-01,0.05,95.03049547311828,177861309.375
2018-09-01,0.3,101.43225115555556,147155362.5
2018-10-01,0.84,121.85983808602153,181662915.625
2018-11-01,1.0,104.11863222222222,168933362.5
2018-12-01,0.97,191.33679912903224,92147306.25
2019-01-01,0.51,285.42366903225803,68026846.875
2019-02-01,0.62,303.4703065119048,64756871.875
2019-03-01,0.81,262.8579173548387,98043368.75
2019-04-01,0.67,189.79297133333333,170528184.375
2019-05-01,0.61,172.12713089247313,211985042.42424244
2019-06-01,0.66,113.28355821111111,232562327.27272728
2019-07-01,0.41,122.33132255913978,197745484.84848484
2019-08-01,0.19,147.25797603225806,140414509.0909091
2019-09-01,0.11,284.75647413333337,113981875.75757577
2019-10-01,0.55,321.2870886129033,151708582.3529412
2019-11-01,0.74,232.8934613555556,132145367.64705884
2019-12-01,0.51,308.5090387311828,99695694.11764704
2020-01-01,0.64,323.05469086021503,61932637.14285714
2020-02-01,0.48,430.5174712643679,52918722.85714286
2020-03-01,0.36,339.4915994623656,67500868.57142857
2020-04-01,0.49,252.15969444444443,87338954.28571428
2020-05-01,-0.12,360.9838306451613,118486657.14285716
2020-06-01,-0.21,306.5829444444444,155898182.85714287
2020-07-01,-0.04,156.878373655914,200495697.14285716
2020-08-01,-0.42,158.96676075268817,135101417.14285713
2020-09-01,-0.66,150.94013888888887,135846662.85714287
2020-10-01,-1.19,198.3122983870968,124922897.14285716
2020-11-01,-1.01,179.97030555555554,196913988.57142857
2020-12-01,-0.98,163.22466397849462,114334577.14285716
2021-01-01,-1.04,181.25762096774196,87481060.0
2021-02-01,-0.94,270.1268601190476,71683225.71428572
2021-03-01,-0.72,165.90516129032255,165929148.57142857
2021-04-01,-0.55,162.63095833333333,159649297.14285713
2021-05-01,-0.41,100.53307795698925,263397945.7142857
2021-06-01,-0.06,90.42504166666669,276619002.9411765
2021-07-01,-0.2,91.72024193548388,207846302.85714287
2021-08-01,-0.38,93.61936827956988,196055728.57142857
2021-09-01,-0.5,108.01794444444444,166314665.7142857
2021-10-01,-0.78,103.75385752688172,180208354.2857143
2021-11-01,-0.88,104.17515277777778,175981305.7142857
2021-12-01,-1.07,335.94348118279567,106981208.57142857
2022-01-01,-0.77,289.91860215053765,78859002.85714285
2022-02-01,-0.68,399.1649404761905,83890337.14285715
2022-03-01,-0.84,226.99962365591395,145324162.85714287
2022-04-01,-0.9,143.79427777777775,196198938.2352941
2022-05-01,-1.02,105.48951612903228,205758277.14285716
2022-06-01,-0.77,104.145625,242059988.57142857
2022-07-01,-0.56,109.3982930107527,227685300.0
2022-08-01,-0.96,150.88579301075268,206251402.94117647
2022-09-01,-1.06,251.0650138888889,180035929.4117647
2022-10-01,-0.99,298.0675268817205,273571685.71428573
2022-11-01,-0.76,184.5360138888889,296728727.7777778
2022-12-01,-0.86,338.0845161290323,176243033.33333334
2023-01-01,-0.78,371.9811424731183,161215756.75675675
2023-02-01,-0.62,526.6861755952381,91300945.94594596
2023-03-01,-0.13,293.4953225806452,213179243.24324325
2023-04-01,0.24,226.95723611111117,200185418.9189189
2023-05-01,0.47,569.6899596774193,184011551.35135132
2023-06-01,0.95,462.1933055555555,190911951.35135132
2023-07-01,1.2,521.6461559139785,196113729.7297297
2023-08-01,1.56,529.8252956989246,154325213.5135135
2023-09-01,1.65,1014.9844722222222,82775016.27906977
2023-10-01,1.59,1015.4404301075268,107772927.90697674
2023-11-01,2.01,504.5502083333334,143010786.04651162
2023-12-01,1.81,656.1918548387097,84767102.3255814
2024-01-01,1.71,558.7218951612905,54029444.18604651
2024-02-01,1.47,568.7053304597702,54086372.093023255
2024-03-01,1.1,622.7734811827956,50664776.74418605
2024-04-01,0.93,748.6564027777779,92766734.88372092
2024-05-01,0.41,291.550188172043,203075204.6511628
2024-06-01,0.25,280.6974861111111,229493634.88372093
2024-07-01,0.2,285.0932930107527,169111516.27906978
2024-08-01,0.02,567.4179166666665,105074211.62790698
2024-09-01,-0.11,873.70725,86082960.46511628
2024-10-01,-0.24,1529.1342876344083,111470995.3488372
2024-11-01,-0.05,1046.4335833333332,172028579.06976745
2024-12-01,-0.58,741.0043548387097,105770760.46511628
